,Player Name_x,MP,Gls,Ast,CRDY,CRDR,CMP,Att,Sh,SOT,Dist,FK,TKL,Dribbles,Blocks,Touches,Attp,Succ,Carries,Rec,season
0,Patrick van Aanholt,22,0,1,2,0,906,1164,18,5,21.1,3,35,43,18,1353,22,10,728,800,2020-2021
1,Tammy Abraham,22,6,1,0,0,149,211,32,13,10.7,0,7,7,6,358,18,6,154,239,2020-2021
2,Che Adams,36,9,5,1,0,431,622,55,31,13.8,0,25,17,20,926,50,28,516,713,2020-2021
3,Tosin Adarabioyo,33,0,0,1,0,1647,1918,18,5,10.5,0,37,40,26,2272,14,11,1337,1522,2020-2021
4,Adrián,3,0,0,0,0,78,100,0,0,,0,0,0,0,110,0,0,52,47,2020-2021
5,Sergio Agüero,12,4,1,0,0,140,173,17,10,14.6,0,4,11,2,234,13,8,155,191,2020-2021
6,Ola Aina,31,2,1,3,0,1352,1769,14,4,24.6,1,37,43,22,2052,33,21,1070,1254,2020-2021
7,Rayan Aït Nouri,21,1,1,1,0,662,805,15,6,19.8,0,29,27,14,996,54,26,573,622,2020-2021
8,Semi Ajayi,33,2,0,3,1,719,999,13,4,9.8,0,40,41,51,1325,18,10,536,652,2020-2021
9,Nathan Aké,10,1,0,4,0,709,763,3,1,15.5,0,10,4,2,819,1,0,569,658,2020-2021
10,Marc Albrighton,31,1,5,2,0,627,933,21,9,21.2,0,33,45,29,1163,66,37,615,725,2020-2021
11,Thiago Alcántara,24,1,0,4,0,1545,1735,22,5,23.3,1,61,49,26,1946,48,33,1252,1475,2020-2021
12,Toby Alderweireld,25,1,0,2,0,1199,1453,10,3,8.5,0,35,30,40,1687,4,4,987,1114,2020-2021
13,Rúnar Alex Rúnarsson,1,0,0,0,0,7,11,0,0,,0,0,0,0,13,0,0,5,6,2020-2021
14,Trent Alexander-Arnold,36,2,7,2,0,2245,3015,55,12,24.9,18,56,56,24,3318,61,32,1992,2202,2020-2021
15,Ezgjan Alioski,36,2,3,7,0,1321,1670,25,8,19.0,0,74,74,17,1951,26,11,1007,1197,2020-2021
16,Alisson,33,1,0,1,0,1000,1157,1,1,8.4,0,3,4,0,1239,2,2,709,669,2020-2021
17,Allan,24,0,0,6,0,908,1068,7,2,22.4,0,80,95,31,1310,49,31,721,831,2020-2021
18,Dele Alli,15,0,1,0,0,275,345,12,4,15.4,0,18,19,9,444,25,11,276,303,2020-2021
19,Miguel Almirón,34,4,1,3,0,708,895,33,14,19.2,1,49,56,23,1179,73,39,773,792,2020-2021
20,Marcos Alonso,13,2,0,2,0,493,610,22,9,17.6,5,13,14,12,729,17,9,362,450,2020-2021
21,Steven Alzate,15,1,0,2,0,403,449,7,2,18.7,0,17,15,8,536,16,8,323,393,2020-2021
22,Daniel Amartey,12,1,0,3,0,414,493,3,1,10.6,0,11,12,8,572,3,1,301,344,2020-2021
23,Ethan Ampadu,25,0,0,3,0,870,1087,7,2,19.3,0,57,46,40,1374,15,13,678,765,2020-2021
24,Joachim Andersen,31,1,1,7,1,1609,1993,13,3,16.4,1,33,28,24,2275,11,9,1304,1456,2020-2021
25,Elliot Anderson,1,0,0,0,0,1,1,0,0,,0,0,0,0,2,0,0,1,1,2020-2021
26,Felipe Anderson,2,0,0,0,0,3,5,0,0,,0,1,0,0,7,0,0,6,6,2020-2021
27,Michail Antonio,26,10,5,3,0,316,494,63,22,13.4,0,7,7,20,783,87,43,473,638,2020-2021
28,Alphonse Areola,36,0,0,2,0,746,1014,0,0,,0,1,5,0,1101,0,0,574,414,2020-2021
29,Stuart Armstrong,33,4,5,3,0,1021,1298,55,11,21.6,0,60,75,26,1669,106,68,985,1132,2020-2021
30,Kepa Arrizabalaga,7,0,0,1,0,202,246,0,0,,0,0,1,0,258,0,0,145,149,2020-2021
31,Pierre-Emerick Aubameyang,29,10,3,2,0,499,674,55,19,14.0,0,12,20,18,887,25,12,527,703,2020-2021
32,Serge Aurier,19,2,3,0,0,772,980,15,6,17.5,0,55,40,28,1221,32,17,558,678,2020-2021
33,Charlie Austin,5,0,0,0,0,23,34,3,0,20.3,0,4,3,0,55,2,1,22,36,2020-2021
34,Jordan Ayew,33,1,3,4,0,519,667,26,11,17.6,0,38,44,28,973,89,52,585,711,2020-2021
35,Luke Ayling,38,0,0,7,0,2161,2770,24,6,18.7,0,108,87,53,3219,59,41,1818,2030,2020-2021
36,César Azpilicueta,26,1,2,5,1,1787,2081,11,4,16.9,0,53,37,30,2302,14,6,1154,1603,2020-2021
37,Eric Bailly,12,0,0,3,0,497,564,2,0,11.2,0,5,1,13,652,4,4,429,424,2020-2021
38,Fabián Balbuena,14,1,0,1,1,362,488,8,2,10.0,0,24,23,23,632,2,1,286,334,2020-2021
39,George Baldock,32,0,2,7,0,888,1153,13,2,16.8,0,47,50,26,1443,33,17,656,772,2020-2021
40,Gareth Bale,20,11,2,1,0,285,416,38,19,18.7,7,17,14,13,564,49,27,316,391,2020-2021
41,Patrick Bamford,38,17,7,3,0,394,516,105,46,13.2,0,21,27,14,850,40,19,388,556,2020-2021
42,Phil Bardsley,4,0,0,2,0,104,162,3,0,21.5,0,6,6,3,196,4,3,72,92,2020-2021
43,Ross Barkley,24,3,1,0,0,640,795,38,11,18.7,2,6,15,9,945,43,29,507,655,2020-2021
44,Ross Barkley,2,0,0,0,0,23,27,1,1,35.9,0,0,0,0,32,1,1,18,26,2020-2021
45,Ashley Barnes,22,3,0,4,0,189,315,37,12,16.8,0,12,13,14,489,2,1,250,378,2020-2021
46,Harvey Barnes,25,9,4,0,0,459,637,56,25,17.5,0,19,22,16,914,89,40,591,706,2020-2021
47,Kyle Bartley,30,3,1,4,0,647,842,14,5,9.0,0,27,23,50,1172,4,4,440,507,2020-2021
48,Chris Basham,31,0,1,5,0,939,1153,10,1,13.3,0,69,67,36,1518,30,21,707,792,2020-2021
49,Michy Batshuayi,18,2,1,0,0,122,174,12,6,17.0,0,5,9,5,255,17,11,146,197,2020-2021
50,Jan Bednarek,36,1,1,5,1,1734,2115,10,5,10.6,0,37,49,44,2480,6,5,1357,1516,2020-2021
51,Donny van de Beek,19,1,1,1,0,237,275,2,1,18.4,0,15,15,10,345,11,8,183,243,2020-2021
52,Héctor Bellerín,25,1,2,8,0,1080,1324,15,5,20.3,0,29,41,26,1527,25,12,811,961,2020-2021
53,Saïd Benrahma,30,1,6,0,0,411,536,35,12,21.2,1,24,28,10,752,80,42,509,535,2020-2021
54,Josh Benson,6,0,0,0,0,62,85,2,0,24.2,1,5,6,3,110,7,2,52,72,2020-2021
55,Christian Benteke,30,10,1,3,1,339,583,71,33,12.5,0,15,9,17,837,27,16,351,661,2020-2021
56,Gaetano Berardi,2,0,0,0,0,50,63,1,0,8.3,0,2,0,2,72,0,0,36,45,2020-2021
57,Jóhann Berg Guðmundsson,22,2,0,2,0,355,473,19,8,21.5,1,19,23,11,612,27,10,358,414,2020-2021
58,Sander Berge,15,1,1,4,0,378,464,9,1,18.0,0,16,15,11,590,32,20,363,390,2020-2021
59,Steven Bergwijn,21,1,3,3,0,350,430,15,6,17.1,0,15,20,7,556,45,22,354,411,2020-2021
60,Bernard,12,1,0,2,0,219,270,6,2,22.5,0,8,15,5,337,16,10,225,246,2020-2021
61,Bernardo,3,0,0,0,0,61,85,4,0,7.7,0,10,6,2,113,3,0,63,79,2020-2021
62,Ryan Bertrand,29,0,1,5,0,1186,1569,8,3,19.7,0,60,48,19,1803,9,3,827,1030,2020-2021
63,Yves Bissouma,36,1,0,8,1,1476,1697,42,3,26.5,2,104,67,42,2106,73,53,1211,1364,2020-2021
64,Jayden Bogle,16,2,0,2,0,296,387,17,7,13.1,0,33,39,14,568,31,11,267,291,2020-2021
65,Willy Boly,21,1,1,2,0,855,1037,15,3,13.3,0,33,24,18,1243,4,4,687,826,2020-2021
66,Jarrod Bowen,38,8,5,0,0,493,752,55,16,16.4,0,26,29,19,1038,67,36,611,692,2020-2021
67,Robbie Brady,19,1,1,3,0,257,403,16,5,21.1,4,22,35,16,537,15,11,250,292,2020-2021
68,Rhian Brewster,27,0,0,1,0,157,225,24,7,21.8,1,8,13,15,342,15,8,176,225,2020-2021
69,Nathan Broadhead,1,0,0,0,0,2,2,0,0,,0,1,0,0,3,0,0,0,2,2020-2021
70,Josh Brownhill,33,0,1,2,0,927,1198,34,7,21.9,7,45,44,33,1506,21,15,682,819,2020-2021
71,Joe Bryan,16,1,0,2,0,298,430,8,2,21.9,1,15,12,8,500,14,14,259,289,2020-2021
72,Kean Bryan,13,1,0,1,0,333,486,3,1,7.7,0,20,19,16,600,5,3,293,322,2020-2021
73,Oliver Burke,25,1,1,2,0,178,262,25,6,15.6,0,16,24,24,431,30,16,239,307,2020-2021
74,Dan Burn,27,1,0,5,0,954,1280,17,6,14.4,0,50,53,30,1549,20,12,749,934,2020-2021
75,Jack Butland,1,0,0,0,0,6,22,0,0,,0,0,0,0,24,0,0,11,4,2020-2021
76,David Button,1,0,0,0,0,18,37,0,0,,0,0,0,0,37,0,0,19,13,2020-2021
77,Oskar Buur,1,0,0,0,0,14,15,0,0,,0,0,2,0,18,0,0,8,13,2020-2021
78,Willy Caballero,1,0,0,0,0,24,26,0,0,,0,0,0,0,26,0,0,13,16,2020-2021
79,Gary Cahill,20,1,1,3,0,615,748,11,3,12.5,0,13,11,27,938,1,1,449,529,2020-2021
80,Tom Cairney,10,1,1,2,0,560,632,12,4,21.0,0,9,4,6,687,17,16,469,567,2020-2021
81,Dominic Calvert-Lewin,33,16,0,3,0,469,691,83,46,12.2,0,17,12,22,1044,49,22,530,829,2020-2021
82,João Cancelo,28,2,3,5,1,1815,2128,35,11,22.5,0,68,83,23,2421,81,47,1472,1696,2020-2021
83,Ian Carlo Poveda,14,0,0,0,0,86,120,5,3,17.8,0,5,7,5,180,23,12,125,132,2020-2021
84,Andy Carroll,18,1,0,1,0,85,139,14,2,14.3,0,3,8,1,204,4,2,82,141,2020-2021
85,Scott Carson,1,0,0,0,0,15,16,0,0,,0,0,0,0,19,0,0,12,7,2020-2021
86,Fabio Carvalho,4,1,0,0,0,67,89,9,5,15.4,0,9,9,2,133,10,8,85,89,2020-2021
87,Matty Cash,28,0,2,8,1,959,1320,9,2,22.9,0,71,74,50,1655,18,12,756,812,2020-2021
88,Kiko Casilla,3,0,0,0,0,87,98,0,0,,0,0,0,0,103,0,0,47,37,2020-2021
89,Timothy Castagne,27,2,3,1,0,1284,1545,8,3,10.9,0,52,44,29,1800,24,11,919,1160,2020-2021
90,Jonny Castro,7,0,0,0,0,185,243,1,0,15.2,0,11,13,9,299,8,3,128,167,2020-2021
91,Ivan Cavaleiro,36,3,0,2,0,589,857,45,15,18.1,1,23,34,25,1201,98,53,714,834,2020-2021
92,Edinson Cavani,26,10,3,4,0,264,343,34,15,11.4,0,12,13,2,466,12,6,223,337,2020-2021
93,Dani Ceballos,25,0,3,4,0,1126,1310,13,2,21.7,1,37,51,23,1482,38,26,964,1090,2020-2021
94,Calum Chambers,10,0,2,0,0,466,593,8,0,16.6,0,7,8,6,687,10,4,341,412,2020-2021
95,Ben Chilwell,27,3,5,3,0,1431,1839,27,10,14.4,0,42,33,28,2104,27,16,1173,1418,2020-2021
96,Hamza Choudhury,10,0,0,1,0,192,239,4,1,22.2,0,8,10,4,286,1,0,162,187,2020-2021
97,Andreas Christensen,17,0,0,2,1,1046,1149,3,0,12.7,0,11,8,19,1272,7,7,799,939,2020-2021
98,Carney Chukwuemeka,2,0,0,0,0,6,9,1,0,23.5,0,2,3,0,13,0,0,7,11,2020-2021
99,Ciaran Clark,22,1,0,3,0,657,808,8,2,11.1,0,24,13,27,1026,8,4,520,568,2020-2021
100,Nathaniel Clyne,13,0,1,2,0,448,593,4,1,21.7,0,17,16,7,698,6,4,346,364,2020-2021
101,Conor Coady,37,1,0,5,0,1638,1865,7,2,11.6,0,35,35,40,2137,8,6,1282,1494,2020-2021
102,Séamus Coleman,25,0,3,0,0,620,765,12,4,19.7,0,39,30,22,964,33,20,540,579,2020-2021
103,Aaron Connolly,17,2,1,0,0,72,94,23,8,14.0,0,6,2,4,174,11,5,106,134,2020-2021
104,Liam Cooper,25,1,0,4,1,1415,1662,15,8,8.9,0,68,59,39,1934,4,3,1122,1242,2020-2021
105,Theo Corbeanu,1,0,0,0,0,3,3,0,0,,0,2,1,0,8,0,0,5,5,2020-2021
106,Jack Cork,16,0,0,2,0,424,511,5,0,22.3,0,26,31,15,639,7,5,322,375,2020-2021
107,Hélder Costa,22,3,3,0,0,242,331,16,6,14.8,0,25,32,11,497,48,19,303,337,2020-2021
108,Vladimír Coufal,34,0,7,3,0,1196,1746,15,5,16.5,0,73,89,41,2096,24,15,897,1057,2020-2021
109,Aaron Cresswell,36,0,8,3,0,1586,2141,19,4,25.4,11,32,32,29,2366,10,4,1148,1349,2020-2021
110,Patrick Cutrone,2,0,0,0,0,0,2,1,0,10.2,0,0,0,0,4,0,0,2,4,2020-2021
111,Stuart Dallas,38,8,2,7,0,1830,2235,48,18,20.5,0,74,88,41,2600,33,22,1475,1747,2020-2021
112,Scott Dann,15,1,0,1,0,521,644,4,1,10.2,0,6,11,16,769,4,4,397,446,2020-2021
113,Karl Darlow,25,0,0,3,0,376,728,0,0,,0,0,0,0,808,0,0,336,226,2020-2021
114,Ben Davies,20,0,1,1,0,627,817,3,0,13.0,0,27,30,10,954,7,3,469,554,2020-2021
115,Tom Davies,25,0,1,3,0,572,706,7,0,25.8,0,31,39,15,866,24,18,507,576,2020-2021
116,Keinan Davis,15,1,1,0,0,55,77,9,2,10.6,0,2,1,1,118,12,9,73,97,2020-2021
117,Leif Davis,2,0,0,0,0,17,19,0,0,,0,0,3,1,25,0,0,15,17,2020-2021
118,Craig Dawson,22,3,0,5,1,611,767,16,5,10.1,0,11,12,26,961,0,0,522,537,2020-2021
119,Kevin De Bruyne,25,6,12,1,0,1078,1429,77,24,21.0,10,34,48,26,1686,67,48,1029,1285,2020-2021
120,Liam Delap,1,0,0,0,0,5,6,1,0,13.0,0,0,0,0,10,0,0,5,7,2020-2021
121,Fabian Delph,8,0,0,1,0,204,233,1,0,31.9,0,5,3,2,268,10,7,170,208,2020-2021
122,Leander Dendoncker,33,1,0,4,0,1032,1212,31,8,15.0,0,54,60,38,1488,13,7,727,967,2020-2021
123,Mbaye Diagne,16,3,2,2,0,149,241,25,9,10.4,0,4,4,2,346,16,10,186,280,2020-2021
124,Amad Diallo,3,0,1,0,0,52,64,1,1,25.7,0,3,0,2,93,14,5,63,64,2020-2021
125,Ibrahima Diallo,22,0,0,3,0,503,600,7,1,22.4,0,29,16,10,722,17,10,410,496,2020-2021
126,Grady Diangana,20,1,0,0,0,260,360,14,4,17.4,0,35,43,16,579,49,25,309,378,2020-2021
127,Rúben Dias,32,1,0,4,0,2531,2722,14,6,8.3,0,24,16,31,2954,8,6,2087,2369,2020-2021
128,Eric Dier,28,0,0,3,0,1493,1802,14,2,22.2,8,23,18,37,2057,4,3,1249,1427,2020-2021
129,Lucas Digne,30,0,7,2,1,1231,1736,13,0,23.7,3,63,54,42,2026,28,18,905,1088,2020-2021
130,Issa Diop,18,2,0,3,0,480,585,3,2,9.6,0,20,18,32,735,5,3,365,433,2020-2021
131,Moussa Djenepo,27,1,0,5,0,290,407,14,2,20.2,0,52,63,24,647,52,27,350,392,2020-2021
132,Matt Doherty,17,0,2,4,1,657,841,3,1,16.7,0,29,33,20,1018,17,5,486,592,2020-2021
133,Gabriel Dos Santos,23,2,0,4,1,1332,1559,16,4,12.6,0,25,19,27,1759,6,5,1249,1329,2020-2021
134,Abdoulaye Doucouré,29,2,3,6,0,1141,1354,18,5,17.4,0,52,43,24,1598,33,21,857,1040,2020-2021
135,Martin Dúbravka,13,0,0,0,0,322,438,0,0,,0,0,0,0,467,0,0,232,165,2020-2021
136,Paul Dummett,15,1,0,2,0,423,575,3,1,9.2,0,16,21,12,717,4,3,317,416,2020-2021
137,Lewis Dunk,33,5,0,5,2,2000,2240,32,14,15.2,3,30,23,29,2511,8,6,1514,1743,2020-2021
138,Jimmy Dunne,3,1,0,1,0,105,153,7,1,11.5,0,3,2,3,194,2,1,85,96,2020-2021
139,Ederson,36,0,1,3,0,939,1122,0,0,,0,3,4,0,1174,0,0,755,669,2020-2021
140,Kyle Edwards,5,0,0,0,0,31,35,2,1,15.4,0,3,0,2,50,4,1,28,33,2020-2021
141,John Egan,31,0,1,7,1,923,1135,14,3,11.9,0,41,39,43,1435,0,0,732,789,2020-2021
142,Anthony Elanga,2,1,0,0,0,41,55,2,1,11.9,0,4,5,1,84,7,3,57,65,2020-2021
143,Ahmed Elmohamady,14,0,0,2,0,468,618,9,1,11.9,0,17,14,6,693,3,2,314,374,2020-2021
144,Mohamed Elneny,23,1,0,3,0,944,1019,9,2,21.5,0,14,28,11,1119,7,4,756,848,2020-2021
145,Jonny Evans,28,2,2,7,0,1592,1854,8,3,7.8,0,25,20,8,2065,9,8,1251,1394,2020-2021
146,Eberechi Eze,34,4,6,3,0,945,1188,37,13,21.7,4,27,35,19,1473,118,64,967,1042,2020-2021
147,Łukasz Fabiański,35,0,0,2,0,622,1015,0,0,,0,1,1,1,1077,0,0,560,356,2020-2021
148,Fabinho,30,0,0,6,0,1910,2117,10,1,23.1,0,58,54,28,2386,11,7,1469,1721,2020-2021
149,Bruno Fernandes,37,18,12,6,0,1733,2338,111,40,22.9,16,57,100,38,2710,45,23,1496,2063,2020-2021
150,Federico Fernández,24,0,0,4,0,715,894,4,2,14.0,0,29,21,41,1169,1,0,553,619,2020-2021
151,Fernandinho,21,0,2,6,0,889,1026,14,3,22.7,0,31,43,11,1143,13,10,703,867,2020-2021
152,Sam Field,3,0,0,0,0,15,25,0,0,,0,5,0,4,43,1,1,9,10,2020-2021
153,Roberto Firmino,36,9,7,2,0,1065,1333,83,32,14.3,0,33,32,42,1663,83,59,989,1279,2020-2021
154,John Fleck,31,0,2,4,0,971,1245,17,5,24.6,0,51,83,26,1476,54,30,768,933,2020-2021
155,Phil Foden,28,9,5,0,0,689,845,45,20,15.0,0,22,23,9,1065,67,38,673,833,2020-2021
156,Wesley Fofana,28,0,0,7,0,1501,1740,11,2,9.9,0,51,46,28,2036,21,15,1273,1344,2020-2021
157,Pablo Fornals,33,5,4,3,0,853,1118,50,15,16.3,0,44,73,43,1407,60,29,821,963,2020-2021
158,Fraser Forster,8,0,0,0,0,154,273,0,0,,0,1,2,0,302,0,0,123,116,2020-2021
159,Timothy Fosu-Mensah,1,0,0,1,0,64,74,1,0,30.9,0,2,1,0,84,2,2,45,65,2020-2021
160,Tyrese Francois,1,0,0,0,0,14,15,0,0,,0,0,0,0,18,1,0,13,14,2020-2021
161,Ryan Fraser,18,0,2,2,1,240,372,13,6,21.6,0,4,5,1,431,4,3,241,292,2020-2021
162,Fred,30,1,0,5,0,1590,1828,25,7,24.1,0,81,89,49,2123,30,24,1227,1496,2020-2021
163,Ryan Fredericks,14,1,1,2,0,205,282,4,2,14.8,0,9,7,6,353,7,3,154,198,2020-2021
164,Christian Fuchs,9,0,0,4,0,476,597,4,0,27.4,0,18,15,6,681,2,0,358,435,2020-2021
165,Darnell Furlong,35,1,3,5,0,682,1204,26,5,13.8,0,45,44,39,1551,24,10,548,746,2020-2021
166,Conor Gallagher,30,2,2,11,0,737,960,29,7,22.0,0,81,97,47,1313,55,30,673,757,2020-2021
167,Eric García,6,0,0,0,0,325,342,2,0,22.5,0,8,7,4,381,0,0,279,307,2020-2021
168,Dwight Gayle,18,1,1,0,0,96,118,16,6,10.8,1,2,7,3,155,2,1,56,104,2020-2021
169,Jean-Philippe Gbamin,1,0,0,0,0,6,9,0,0,,0,1,0,1,14,1,0,9,8,2020-2021
170,David de Gea,26,0,0,0,0,464,592,0,0,,0,0,0,0,639,1,1,284,265,2020-2021
171,Anwar El Ghazi,28,10,0,2,0,432,628,60,26,21.7,6,16,23,11,841,49,26,499,648,2020-2021
172,Kieran Gibbs,10,0,0,1,1,222,313,1,0,12.0,0,15,10,8,394,2,2,176,192,2020-2021
173,Morgan Gibbs-White,11,1,0,1,0,193,236,10,4,21.1,0,9,12,6,302,13,8,205,237,2020-2021
174,Billy Gilmour,5,0,0,0,0,198,228,1,0,22.6,0,4,7,3,248,4,1,136,201,2020-2021
175,Olivier Giroud,17,4,0,1,0,157,223,29,10,11.6,0,4,7,4,307,2,2,121,229,2020-2021
176,Ben Godfrey,31,0,2,4,0,1109,1329,14,2,16.1,0,55,41,56,1692,12,9,826,964,2020-2021
177,André Gomes,28,0,1,3,0,752,908,14,3,26.7,0,35,58,19,1084,48,31,643,771,2020-2021
178,Joe Gomez,7,0,0,0,0,500,558,0,0,,0,3,4,3,603,4,4,431,429,2020-2021
179,Anthony Gordon,3,0,0,0,0,22,27,0,0,,0,3,2,1,45,6,2,26,27,2020-2021
180,Karlan Grant,21,1,0,1,0,164,234,16,9,15.7,1,5,4,7,354,16,9,177,238,2020-2021
181,Demarai Gray,1,0,0,0,0,7,11,1,0,29.7,1,1,0,0,14,1,0,8,10,2020-2021
182,Jack Grealish,26,6,10,6,0,872,1105,50,17,17.0,2,31,24,20,1376,101,65,926,1017,2020-2021
183,Mason Greenwood,31,7,2,2,0,614,747,67,23,16.8,0,13,22,9,960,66,36,670,816,2020-2021
184,Pascal Groß,34,3,8,3,0,1281,1705,28,4,22.2,6,45,53,25,1915,20,9,1011,1260,2020-2021
185,Kamil Grosicki,3,0,1,0,0,30,45,3,0,22.7,0,2,8,1,60,1,0,39,37,2020-2021
186,Vicente Guaita,37,0,0,2,0,610,1081,0,0,,0,1,1,0,1152,0,0,548,388,2020-2021
187,İlkay Gündoğan,28,13,2,1,0,1583,1751,52,21,17.3,4,25,39,13,1928,39,27,1183,1593,2020-2021
188,Antwoine Hackford,1,0,0,0,0,1,1,1,0,10.9,0,0,0,0,3,0,0,2,2,2020-2021
189,Sébastien Haller,16,3,0,0,0,158,248,25,11,10.2,0,14,20,7,373,13,9,176,294,2020-2021
190,Rekeem Harper,2,0,0,0,0,14,17,1,1,26.1,0,0,0,2,23,2,2,10,14,2020-2021
191,Jack Harrison,36,8,8,2,0,778,1182,45,19,15.6,1,63,59,30,1544,78,42,933,1088,2020-2021
192,Kortney Hause,7,1,0,2,0,173,232,5,1,7.9,0,4,3,4,314,0,0,146,139,2020-2021
193,Kai Havertz,27,4,3,2,0,658,788,33,16,13.1,0,18,27,25,1007,37,19,579,784,2020-2021
194,Isaac Hayden,24,0,0,8,0,657,834,16,2,20.4,0,52,35,32,1070,10,7,465,532,2020-2021
195,Michael Hector,4,0,0,2,0,148,187,1,0,10.7,0,3,6,4,211,3,3,126,147,2020-2021
196,Ahmed Hegazi,1,0,0,0,0,38,57,0,0,,0,0,0,2,70,0,0,28,32,2020-2021
197,Dean Henderson,13,0,0,3,0,240,324,0,0,,0,1,2,0,348,0,0,185,122,2020-2021
198,Jordan Henderson,21,1,1,0,0,1597,1855,14,4,19.1,0,24,26,12,1996,15,9,1389,1544,2020-2021
199,Jeff Hendrick,22,2,1,3,1,433,544,10,2,18.7,0,8,13,14,652,15,9,351,426,2020-2021
200,Pablo Hernández,16,0,2,1,0,299,403,15,3,19.0,0,5,16,2,445,11,10,257,348,2020-2021
201,Son Heung-min,37,17,10,0,0,929,1223,67,35,17.5,1,32,72,28,1506,72,39,882,1091,2020-2021
202,Ki-Jana Hoever,12,0,0,1,0,268,361,1,0,17.7,0,14,22,2,440,22,13,239,261,2020-2021
203,Rob Holding,30,0,1,2,0,1578,1819,14,2,12.8,0,43,35,37,2093,11,8,1350,1486,2020-2021
204,Mason Holgate,28,1,0,9,0,961,1256,5,3,11.8,0,56,50,37,1517,11,8,756,871,2020-2021
205,Conor Hourihane,4,1,1,0,0,122,164,5,2,22.7,2,0,2,3,177,0,0,82,116,2020-2021
206,Callum Hudson-Odoi,23,2,3,0,0,533,659,23,6,19.3,0,23,21,15,775,29,15,477,604,2020-2021
207,Niall Huggins,1,0,0,0,0,16,19,0,0,,0,0,1,0,21,0,0,13,12,2020-2021
208,Pierre Højbjerg,38,2,4,9,0,2455,2783,14,7,24.0,0,98,129,51,3116,32,23,1794,2224,2020-2021
209,Odion Ighalo,1,0,0,0,0,2,2,0,0,,0,0,1,0,4,0,0,3,4,2020-2021
210,Kelechi Iheanacho,25,12,2,1,0,407,521,58,24,17.6,1,12,17,14,719,44,32,452,580,2020-2021
211,Danny Ings,29,12,4,1,0,337,527,55,24,15.9,0,22,28,39,817,59,30,459,574,2020-2021
212,Branislav Ivanović,13,0,0,2,0,267,320,4,1,7.7,0,14,13,11,394,0,0,150,207,2020-2021
213,Alex Iwobi,30,1,2,0,0,528,698,15,3,18.7,0,27,25,20,883,71,45,576,617,2020-2021
214,José Izquierdo,1,0,0,0,0,8,9,1,1,32.6,0,0,0,0,13,1,0,8,8,2020-2021
215,Phil Jagielka,10,0,0,1,1,148,209,0,0,,0,5,7,11,266,0,0,121,122,2020-2021
216,Alireza Jahanbakhsh,21,0,1,3,0,188,266,18,3,18.1,0,9,12,8,331,17,11,219,254,2020-2021
217,Daniel James,15,3,1,3,0,238,312,17,6,17.2,0,15,18,10,426,23,11,245,304,2020-2021
218,Reece James,32,1,2,3,0,1706,2028,34,11,21.6,4,55,44,36,2297,51,34,1292,1601,2020-2021
219,Alexandre Jankewitz,2,0,0,0,1,2,3,0,0,,0,2,1,0,6,0,0,3,4,2020-2021
220,Daniel Jebbison,4,1,0,0,0,24,36,4,2,11.7,0,6,7,6,73,4,2,33,39,2020-2021
221,Gabriel Jesus,29,9,4,2,0,631,751,55,16,13.7,0,17,28,16,1004,70,48,635,799,2020-2021
222,Raúl Jiménez,10,4,0,0,0,207,265,26,10,16.2,0,3,7,2,375,21,10,233,303,2020-2021
223,Joelinton,31,4,2,3,0,427,598,43,19,15.4,0,33,37,30,934,67,37,513,650,2020-2021
224,Ben Johnson,14,1,0,1,0,157,227,3,1,22.5,0,11,9,5,275,6,4,155,163,2020-2021
225,Sam Johnstone,37,0,1,1,0,655,1297,0,0,,0,0,0,0,1416,0,0,659,465,2020-2021
226,Curtis Jones,24,1,2,2,0,900,983,19,9,19.4,0,16,25,13,1133,34,22,798,910,2020-2021
227,Jorginho,28,7,1,2,0,1594,1789,5,0,47.9,0,57,76,33,2015,25,17,1144,1535,2020-2021
228,Willian José,17,1,0,0,0,244,306,19,7,15.1,0,2,4,6,387,11,8,205,291,2020-2021
229,Diogo Jota,19,9,0,2,0,321,449,46,26,14.4,0,12,29,9,626,43,21,425,492,2020-2021
230,James Justin,23,2,1,4,0,1004,1287,10,3,14.8,0,61,41,36,1551,32,18,739,944,2020-2021
231,Ozan Kabak,9,0,0,3,0,520,588,1,0,4.6,0,19,9,2,669,5,3,443,477,2020-2021
232,Aboubakar Kamara,11,0,0,1,1,86,127,4,2,20.4,0,2,5,6,171,9,4,108,128,2020-2021
233,Harry Kane,35,23,14,1,0,652,965,133,47,18.3,14,22,26,28,1393,100,52,809,1072,2020-2021
234,N'Golo Kanté,30,0,2,7,0,1325,1542,10,3,21.3,0,79,56,42,1842,38,26,982,1227,2020-2021
235,Moise Kean,2,0,0,0,0,6,8,1,0,25.8,0,0,0,0,15,3,0,11,12,2020-2021
236,Michael Keane,35,3,1,4,0,1691,1943,16,6,12.7,0,28,31,46,2287,7,4,1333,1571,2020-2021
237,Neeskens Kebano,5,0,0,0,0,32,43,6,0,20.0,1,0,1,3,65,5,3,46,46,2020-2021
238,Naby Keïta,10,0,0,1,0,315,361,9,2,21.2,0,11,17,10,430,10,8,279,320,2020-2021
239,Caoimhín Kelleher,2,0,0,0,0,51,64,0,0,,0,0,0,0,70,0,0,39,34,2020-2021
240,Martin Kelly,1,0,0,0,0,2,3,0,0,,0,1,1,0,4,0,0,1,0,2020-2021
241,Jonjoe Kenny,4,0,0,0,0,47,59,0,0,,0,2,2,0,69,0,0,27,42,2020-2021
242,Reda Khadra,1,0,0,0,0,0,1,0,0,,0,0,0,0,1,0,0,1,1,2020-2021
243,Max Kilman,18,0,1,4,0,664,757,7,2,12.2,0,21,14,17,877,8,7,550,628,2020-2021
244,Joshua King,11,0,0,0,0,32,50,3,1,13.8,0,4,0,3,80,7,4,45,56,2020-2021
245,Mateusz Klich,35,4,5,6,0,1228,1545,34,9,22.9,0,38,61,13,1753,27,13,1011,1255,2020-2021
246,Robin Koch,17,0,0,1,0,664,773,9,1,12.3,0,27,19,18,910,6,4,549,606,2020-2021
247,Sead Kolašinac,1,0,0,0,0,57,67,0,0,,0,0,0,0,69,0,0,31,50,2020-2021
248,Terence Kongolo,1,0,0,0,0,37,45,0,0,,0,3,1,0,54,0,0,14,30,2020-2021
249,Ezri Konsa,36,2,0,3,0,1102,1305,22,7,9.7,0,25,13,53,1660,6,6,853,954,2020-2021
250,Cheikhou Kouyaté,36,1,0,4,0,992,1287,7,2,11.2,0,58,43,42,1625,12,10,787,860,2020-2021
251,Mateo Kovačić,27,0,1,4,0,1603,1774,23,4,24.3,0,46,32,18,1950,65,53,1306,1645,2020-2021
252,Emil Krafth,16,1,0,4,0,416,580,7,3,22.8,0,19,25,15,721,4,3,290,347,2020-2021
253,Filip Krovinović,11,0,0,0,0,306,374,8,2,25.1,0,13,18,2,424,9,8,212,289,2020-2021
254,Alexandre Lacazette,31,13,2,3,0,405,523,42,25,14.9,3,18,22,20,735,36,22,360,533,2020-2021
255,Adam Lallana,30,1,1,0,0,792,944,22,5,17.3,0,28,39,18,1104,28,18,586,808,2020-2021
256,Érik Lamela,23,1,0,6,1,284,363,21,9,20.4,4,17,21,11,474,40,25,286,346,2020-2021
257,Tariq Lamptey,11,1,1,4,1,372,494,6,2,11.9,0,17,13,8,623,29,13,346,376,2020-2021
258,Manuel Lanzini,17,1,1,1,0,338,375,12,3,18.4,1,9,10,9,455,13,6,277,333,2020-2021
259,Aymeric Laporte,16,0,0,1,0,1169,1285,6,1,13.1,0,13,11,12,1383,2,2,965,1100,2020-2021
260,Jamaal Lascelles,19,2,0,4,0,498,626,15,3,10.6,0,14,6,27,806,4,4,396,451,2020-2021
261,Maxime Le Marchand,2,0,0,2,0,78,85,1,0,34.1,0,2,2,0,92,0,0,47,69,2020-2021
262,Mario Lemina,28,1,0,5,0,744,897,19,2,24.2,0,62,44,26,1133,37,26,649,722,2020-2021
263,Bernd Leno,35,0,0,0,1,948,1182,0,0,,0,1,1,1,1239,0,0,711,635,2020-2021
264,Khanya Leshabela,1,0,0,0,0,6,8,0,0,,0,0,0,0,9,0,0,8,7,2020-2021
265,Jamal Lewis,24,0,1,4,0,637,852,3,1,18.6,0,37,38,21,1028,24,12,535,553,2020-2021
266,Victor Lindelöf,29,1,1,0,0,1686,1882,4,1,6.4,0,22,24,22,2095,4,2,1281,1488,2020-2021
267,Jesse Lingard,16,9,4,3,0,546,686,40,20,21.4,1,12,14,7,834,43,18,527,652,2020-2021
268,Jake Livermore,18,0,0,2,1,273,388,5,0,19.8,0,33,31,21,522,5,2,195,242,2020-2021
269,Diego Llorente,15,1,0,1,0,598,721,8,3,17.4,0,34,32,18,873,8,6,508,530,2020-2021
270,Hugo Lloris,38,0,0,0,0,801,1079,0,0,,0,0,1,0,1139,0,0,551,419,2020-2021
271,Giovani Lo Celso,18,1,1,5,0,469,604,15,5,19.0,1,28,29,12,719,20,8,390,495,2020-2021
272,Ruben Loftus-Cheek,1,0,0,0,0,11,17,0,0,,0,0,0,0,25,3,0,13,18,2020-2021
273,Ruben Loftus-Cheek,30,1,0,3,0,578,722,35,8,16.6,0,25,23,20,1000,72,38,647,752,2020-2021
274,Kevin Long,8,0,0,2,0,191,268,2,0,9.3,0,11,9,11,325,0,0,137,159,2020-2021
275,Shane Long,11,0,0,0,0,32,57,2,1,21.3,0,2,3,0,86,5,2,41,64,2020-2021
276,Matthew Longstaff,5,0,0,0,0,117,146,0,0,,0,3,8,7,174,2,2,88,93,2020-2021
277,Sean Longstaff,22,0,1,2,0,467,591,15,5,19.8,1,31,42,26,751,9,4,363,445,2020-2021
278,Ademola Lookman,34,4,4,5,0,892,1199,68,22,17.8,4,35,44,31,1576,128,82,962,1075,2020-2021
279,Max Lowe,8,0,0,1,0,147,221,2,1,21.4,0,26,21,12,291,11,7,120,158,2020-2021
280,Matthew Lowton,34,1,1,5,0,1061,1550,21,4,24.9,0,54,73,36,1882,40,27,823,920,2020-2021
281,David Luiz,20,1,0,1,1,836,1013,15,2,19.0,3,12,4,16,1143,4,3,766,843,2020-2021
282,Douglas Luiz,33,0,2,10,1,1217,1445,26,8,23.9,1,49,58,52,1726,32,23,916,1020,2020-2021
283,John Lundstram,28,0,2,8,1,859,1082,19,4,23.8,1,25,47,26,1270,24,15,699,874,2020-2021
284,Alexis Mac Allister,21,1,1,1,0,320,410,24,3,22.5,1,26,38,25,563,26,16,303,368,2020-2021
285,James Maddison,31,8,5,4,0,874,1132,75,23,24.7,13,32,41,14,1380,51,29,772,1010,2020-2021
286,Harry Maguire,34,2,1,11,0,1958,2250,36,9,12.8,0,29,29,28,2568,14,8,1534,1743,2020-2021
287,Riyad Mahrez,27,9,6,0,0,916,1096,58,22,17.0,3,20,30,19,1311,81,45,927,1074,2020-2021
288,Ainsley Maitland-Niles,11,0,0,0,0,226,291,2,1,20.9,0,11,12,12,355,10,6,198,215,2020-2021
289,Ainsley Maitland-Niles,15,0,0,2,0,313,416,10,3,23.1,0,22,28,12,583,33,16,292,320,2020-2021
290,Josh Maja,15,3,0,0,0,154,181,20,7,14.3,0,7,10,3,256,15,8,150,199,2020-2021
291,Sadio Mané,35,11,7,3,0,812,1082,94,34,13.7,0,48,33,30,1512,144,82,1061,1266,2020-2021
292,Javier Manquillo,13,0,0,1,0,284,398,1,0,24.8,0,24,17,8,489,8,1,219,256,2020-2021
293,Fernando Marçal,13,0,0,2,0,304,379,2,0,26.7,0,13,11,11,464,13,7,216,252,2020-2021
294,Solly March,21,2,1,0,0,676,979,22,4,17.0,1,49,34,30,1185,63,44,605,662,2020-2021
295,Pablo Marí,10,0,0,2,0,552,630,2,0,21.6,0,15,10,8,700,3,3,455,518,2020-2021
296,Anthony Martial,22,4,3,0,1,409,492,43,20,14.0,0,2,10,17,675,59,35,454,585,2020-2021
297,Gabriel Martinelli,14,2,1,0,0,121,159,20,8,14.1,0,7,10,6,256,25,13,157,169,2020-2021
298,Emiliano Martínez,38,0,0,1,0,880,1319,0,0,,0,3,4,0,1404,0,0,779,593,2020-2021
299,Arthur Masuaku,12,0,2,2,0,443,566,6,2,21.1,0,20,34,12,702,44,29,389,455,2020-2021
300,Juan Mata,9,1,2,0,0,249,300,4,3,21.5,0,1,7,3,329,3,2,215,278,2020-2021
301,Jean-Philippe Mateta,7,1,0,0,0,29,49,4,2,10.6,0,1,3,1,77,6,3,31,61,2020-2021
302,Nemanja Matić,20,0,0,2,0,921,1026,6,3,22.8,0,25,31,19,1137,21,17,751,853,2020-2021
303,Joël Matip,10,1,2,2,0,479,546,5,2,7.3,0,14,8,6,607,0,0,369,427,2020-2021
304,Neal Maupay,33,8,2,1,1,520,672,67,22,14.8,0,20,24,20,940,48,24,547,674,2020-2021
305,James McArthur,18,0,2,3,0,643,795,6,0,21.3,0,57,39,28,985,19,14,488,532,2020-2021
306,Oliver McBurnie,23,1,0,2,0,253,447,30,12,12.5,0,15,17,10,610,13,4,234,469,2020-2021
307,Alex McCarthy,30,0,0,2,0,700,1080,0,0,,0,1,4,0,1145,2,2,631,583,2020-2021
308,James McCarthy,16,0,0,1,0,258,342,1,0,32.5,0,16,21,15,419,3,2,181,210,2020-2021
309,John McGinn,37,3,5,12,0,1102,1439,45,11,23.7,0,61,84,38,1785,77,52,996,1187,2020-2021
310,David McGoldrick,35,8,1,7,0,697,947,71,23,18.2,1,33,31,19,1288,81,47,729,992,2020-2021
311,Dwight McNeil,36,2,5,1,0,936,1372,26,9,22.3,1,47,56,44,1703,103,63,1021,1068,2020-2021
312,Scott McTominay,32,4,1,3,0,1139,1320,26,7,17.6,0,51,36,35,1603,35,26,942,1127,2020-2021
313,Ben Mee,30,2,0,3,0,802,1130,22,6,10.6,0,32,29,54,1467,6,4,626,672,2020-2021
314,Hannibal Mejbri,1,0,0,0,0,3,3,0,0,,0,0,0,0,6,3,1,5,4,2020-2021
315,Benjamin Mendy,13,2,1,2,0,540,666,6,2,17.2,0,13,21,12,747,14,11,394,501,2020-2021
316,Edouard Mendy,31,0,0,2,0,874,1027,0,0,,0,0,1,0,1070,0,0,644,624,2020-2021
317,Nampalys Mendy,23,0,1,5,0,886,976,4,2,28.5,0,26,20,12,1103,12,6,671,812,2020-2021
318,Illan Meslier,35,0,0,0,0,1109,1369,0,0,,0,0,1,0,1465,0,0,898,728,2020-2021
319,Luka Milivojević,31,1,1,8,1,1091,1341,17,5,28.4,7,65,77,29,1589,14,8,798,947,2020-2021
320,James Milner,26,0,1,3,0,779,934,12,3,24.8,0,26,33,30,1072,12,6,618,743,2020-2021
321,Yerry Mina,24,2,0,2,0,1134,1259,17,4,11.2,0,21,12,30,1481,3,1,940,1049,2020-2021
322,Takumi Minamino,10,2,0,1,0,183,261,13,4,18.3,0,7,19,13,351,13,4,201,237,2020-2021
323,Takumi Minamino,9,1,0,0,0,111,142,7,3,17.0,0,4,12,1,168,7,7,106,129,2020-2021
324,Tyrone Mings,36,2,2,6,1,1314,1696,19,7,9.9,0,32,24,59,2075,8,6,1085,1210,2020-2021
325,Tyrick Mitchell,19,1,1,1,0,556,809,2,2,7.8,0,64,40,29,1021,18,11,432,476,2020-2021
326,Aleksandar Mitrović,27,3,3,3,0,284,388,57,19,15.8,2,7,8,12,584,12,7,275,457,2020-2021
327,Jakub Moder,12,0,0,0,0,203,284,13,3,17.9,0,15,20,12,375,17,9,203,251,2020-2021
328,Jayson Molumby,1,0,0,0,0,0,1,0,0,,0,0,0,0,1,0,0,0,0,2020-2021
329,Wesley Moraes,3,0,0,0,0,4,4,1,1,12.6,0,0,1,0,8,0,0,4,4,2020-2021
330,Wes Morgan,3,0,0,0,0,5,5,0,0,,0,0,0,0,6,0,0,2,3,2020-2021
331,Mason Mount,36,6,5,2,0,1549,1900,81,25,21.1,6,75,69,40,2305,81,43,1330,1640,2020-2021
332,Lucas Moura,30,3,4,1,0,437,602,18,6,16.1,0,32,29,12,833,70,33,480,588,2020-2021
333,Lys Mousset,11,0,0,0,0,34,46,4,2,16.8,0,1,2,1,85,13,4,47,63,2020-2021
334,João Moutinho,33,1,1,5,1,1553,1846,14,4,23.7,1,75,91,18,2062,18,13,1136,1354,2020-2021
335,Joel Mumbongo,4,0,0,1,0,4,5,0,0,,0,0,0,1,10,1,0,9,9,2020-2021
336,Jacob Murphy,26,2,3,3,0,420,624,30,8,23.4,6,39,49,27,853,63,39,417,458,2020-2021
337,Shkodran Mustafi,3,0,0,0,0,44,50,0,0,,0,1,1,1,55,0,0,43,42,2020-2021
338,Marvelous Nakamba,13,0,0,3,0,240,286,2,1,28.9,0,22,12,16,372,4,4,194,208,2020-2021
339,Iliman Ndiaye,1,0,0,0,0,3,3,0,0,,0,1,1,0,7,0,0,2,3,2020-2021
340,Wilfred Ndidi,26,1,4,6,0,1245,1441,16,1,20.0,0,96,66,38,1755,30,16,912,1079,2020-2021
341,Tanguy Ndombele,33,3,2,3,0,1008,1186,18,7,18.4,0,41,44,28,1444,99,74,897,1086,2020-2021
342,Reiss Nelson,2,0,0,0,0,17,29,1,0,12.1,0,1,0,0,40,4,1,22,23,2020-2021
343,Pedro Neto,31,5,6,4,0,962,1229,61,21,19.6,3,16,28,18,1545,129,64,965,1144,2020-2021
344,Rúben Neves,36,5,1,8,0,1678,2007,64,13,26.9,12,86,88,55,2378,15,10,1384,1636,2020-2021
345,Eddie Nketiah,17,2,1,0,0,76,93,12,5,12.8,0,3,2,6,153,12,7,82,114,2020-2021
346,Niels Nkounkou,2,0,0,1,0,29,36,1,0,27.0,0,4,8,4,58,4,2,24,33,2020-2021
347,Dan Nlundulu,13,0,0,0,0,21,29,1,0,12.4,0,0,1,2,49,2,2,21,34,2020-2021
348,Mark Noble,21,0,0,1,0,388,442,1,0,22.3,0,8,14,7,487,2,2,284,338,2020-2021
349,Will Norris,2,0,0,0,0,27,57,0,0,,0,0,0,0,57,0,0,25,22,2020-2021
350,Oliver Norwood,32,0,0,6,0,1205,1532,11,1,31.6,2,49,72,29,1741,4,2,871,1111,2020-2021
351,Jack O'Connell,2,0,0,0,0,56,79,0,0,,0,3,1,4,100,1,0,37,56,2020-2021
352,Dara O'Shea,28,0,0,3,0,583,924,3,0,13.5,0,45,45,32,1182,9,5,448,542,2020-2021
353,Michael Obafemi,4,0,0,0,0,12,13,0,0,,0,1,1,1,21,1,0,10,12,2020-2021
354,Denis Odoi,3,0,0,1,0,156,190,2,1,25.5,0,3,4,3,215,1,1,121,133,2020-2021
355,Angelo Ogbonna,28,3,0,5,0,830,1022,13,4,7.3,0,26,17,25,1272,4,3,691,723,2020-2021
356,Robin Olsen,7,0,0,1,0,139,200,0,0,,0,0,0,0,218,0,0,88,92,2020-2021
357,Josh Onomah,11,0,0,1,0,153,172,6,1,17.9,0,11,5,4,215,2,2,137,154,2020-2021
358,Divock Origi,9,0,0,0,0,47,61,7,2,18.5,0,3,3,5,88,4,0,58,68,2020-2021
359,Ben Osborn,24,1,0,1,0,660,859,9,4,18.4,0,33,40,20,1026,26,19,594,702,2020-2021
360,Owen Otasowie,6,0,1,1,0,43,59,4,0,13.6,0,5,2,1,97,7,3,54,61,2020-2021
361,Alex Oxlade-Chamberlain,13,1,1,0,0,106,143,8,4,21.8,0,4,2,1,182,7,1,99,129,2020-2021
362,Emerson Palmieri,2,0,0,0,0,51,68,0,0,,0,3,3,0,81,2,0,39,42,2020-2021
363,Thomas Partey,24,0,2,5,0,994,1149,26,4,27.1,0,44,56,17,1333,35,28,841,947,2020-2021
364,Rui Patrício,37,0,0,1,0,559,810,0,0,,0,0,1,0,870,0,0,380,212,2020-2021
365,Bailey Peacock-Farrell,4,0,0,0,0,59,114,0,0,,0,0,0,0,122,0,0,51,38,2020-2021
366,Lee Peltier,4,0,0,1,0,49,80,0,0,,0,9,4,1,106,1,1,39,45,2020-2021
367,Nicolas Pépé,29,10,1,1,1,519,690,47,19,15.7,1,20,23,16,948,66,27,585,704,2020-2021
368,Matheus Pereira,33,11,6,2,1,790,1097,61,23,23.1,10,26,54,18,1411,74,40,732,880,2020-2021
369,Ricardo Pereira,15,0,1,3,0,418,548,7,4,20.1,0,31,35,24,714,30,14,343,427,2020-2021
370,Ayoze Pérez,25,2,1,2,0,369,497,31,13,17.1,1,32,48,28,715,59,29,427,516,2020-2021
371,Kalvin Phillips,29,1,2,10,0,1222,1490,15,5,27.5,3,74,62,49,1789,32,20,902,1055,2020-2021
372,Matt Phillips,33,2,1,1,0,384,563,22,10,20.6,1,15,23,32,809,56,24,433,477,2020-2021
373,Nathaniel Phillips,17,1,1,2,0,948,1127,15,2,10.4,0,22,24,17,1314,2,2,774,863,2020-2021
374,Jaden Philogene Bidace,1,0,0,0,0,2,4,0,0,,0,0,0,0,4,0,0,3,3,2020-2021
375,Jordan Pickford,31,0,0,1,0,766,1154,0,0,,0,0,2,2,1240,0,0,670,618,2020-2021
376,Erik Pieters,20,0,1,1,0,449,606,4,3,18.9,0,30,39,30,750,10,6,303,356,2020-2021
377,Daniel Podence,24,3,2,3,0,483,643,32,14,17.5,0,12,19,5,803,64,38,557,621,2020-2021
378,Paul Pogba,26,3,3,3,0,1112,1367,31,11,17.0,0,36,33,24,1640,65,44,1015,1258,2020-2021
379,Nick Pope,32,0,0,1,0,505,989,0,0,,0,1,1,0,1078,0,0,484,295,2020-2021
380,Dennis Praet,15,1,1,0,0,248,315,8,2,16.8,0,14,15,12,405,16,6,186,277,2020-2021
381,Davy Pröpper,7,0,0,0,0,70,96,4,2,17.6,0,6,5,3,114,3,2,83,88,2020-2021
382,Christian Pulisic,27,4,2,2,0,561,705,43,16,14.5,0,19,21,25,994,108,49,654,772,2020-2021
383,Aaron Ramsdale,38,0,0,1,0,569,1153,0,0,,0,1,1,0,1274,2,2,650,421,2020-2021
384,Jacob Ramsey,22,0,0,0,0,192,229,11,1,18.6,0,10,12,13,315,12,7,180,197,2020-2021
385,Kayne Ramsey,1,0,0,1,0,17,23,0,0,,0,5,3,0,35,0,0,14,14,2020-2021
386,Darren Randolph,3,0,0,0,0,36,66,0,0,,0,0,0,0,70,0,0,27,22,2020-2021
387,Raphinha,30,6,9,3,0,687,1064,67,24,17.2,4,34,58,31,1445,110,56,829,957,2020-2021
388,Marcus Rashford,37,11,9,4,0,1001,1248,79,36,18.9,5,18,27,22,1614,163,82,1008,1341,2020-2021
389,Tim Ream,7,0,0,0,0,424,468,0,0,,0,12,11,8,525,2,1,338,382,2020-2021
390,Nathan Redmond,29,2,3,1,0,570,765,45,13,18.5,0,30,24,24,1009,68,39,581,704,2020-2021
391,Harrison Reed,31,0,2,5,0,1288,1516,13,4,26.1,0,63,73,34,1756,24,15,896,1061,2020-2021
392,Sergio Reguilón,27,0,3,5,0,1092,1445,20,4,19.0,0,47,48,39,1731,49,22,916,1083,2020-2021
393,Bobby Reid,33,5,2,7,0,615,830,34,8,16.9,1,31,39,19,1095,52,27,585,726,2020-2021
394,Declan Rice,32,2,1,2,0,1352,1561,25,7,20.8,3,59,51,39,1850,34,29,1066,1209,2020-2021
395,Lewis Richardson,2,0,0,0,0,0,1,0,0,,0,0,0,0,2,1,0,2,2,2020-2021
396,Richarlison,34,7,3,4,1,526,791,80,31,15.1,1,50,51,28,1179,102,61,752,846,2020-2021
397,Jaïro Riedewald,33,2,0,4,0,541,636,8,2,21.0,0,34,36,39,818,19,13,438,482,2020-2021
398,Matt Ritchie,18,0,2,2,0,411,611,11,1,22.6,2,10,17,17,751,15,8,341,380,2020-2021
399,Tyler Roberts,27,1,2,3,0,334,478,26,12,19.4,0,15,22,17,625,25,17,368,476,2020-2021
400,Andrew Robertson,38,1,7,2,0,2624,3303,19,5,17.4,0,46,57,39,3588,53,28,2146,2425,2020-2021
401,Antonee Robinson,28,0,0,4,1,974,1385,10,4,20.0,0,45,44,21,1670,73,51,827,939,2020-2021
402,Callum Robinson,28,5,0,0,0,299,433,31,11,19.8,0,7,19,9,592,29,15,323,423,2020-2021
403,Jack Robinson,11,0,1,3,0,364,470,6,0,12.9,0,14,11,10,568,4,3,246,309,2020-2021
404,Hal Robson-Kanu,19,2,0,2,0,56,81,13,6,20.1,0,2,1,2,178,14,6,111,130,2020-2021
405,Marek Rodák,2,0,0,0,0,39,47,0,0,,0,0,0,0,50,0,0,29,28,2020-2021
406,Joe Rodon,12,0,0,0,0,378,429,1,0,9.6,0,14,4,10,517,0,0,269,338,2020-2021
407,Rodri,34,2,2,6,0,2545,2801,31,7,20.8,0,72,66,23,3082,33,28,1955,2349,2020-2021
408,Rodrigo,26,7,2,3,0,437,586,46,18,16.4,1,14,22,7,738,25,16,470,587,2020-2021
409,James Rodríguez,23,6,4,4,0,901,1149,37,18,20.7,4,28,46,17,1313,48,34,827,959,2020-2021
410,Jay Rodriguez,31,1,2,3,0,202,280,31,9,17.1,0,25,28,25,459,28,12,249,314,2020-2021
411,Oriol Romeu,21,1,1,6,0,1056,1287,14,4,25.9,0,69,68,28,1492,17,14,773,1007,2020-2021
412,John Ruddy,2,0,0,0,0,19,24,0,0,,0,0,0,0,24,0,0,13,4,2020-2021
413,Antonio Rüdiger,19,1,0,0,0,1365,1534,14,6,18.3,0,31,15,17,1690,6,3,1074,1301,2020-2021
414,Mathew Ryan,3,0,0,0,0,63,68,0,0,,0,0,0,0,75,0,0,44,31,2020-2021
415,Mathew Ryan,11,0,0,1,0,329,411,0,0,,0,1,0,0,428,0,0,254,258,2020-2021
416,Allan Saint-Maximin,25,3,4,0,0,355,444,30,12,20.8,0,16,9,10,666,145,96,498,518,2020-2021
417,Romain Saïss,27,3,0,2,0,1199,1495,28,11,13.4,2,35,33,28,1786,15,9,1003,1152,2020-2021
418,Bukayo Saka,32,5,3,1,0,858,1161,61,20,16.1,1,25,40,21,1503,87,46,905,1098,2020-2021
419,Mamadou Sakho,4,0,0,0,0,83,94,1,0,12.3,0,3,3,3,121,0,0,62,59,2020-2021
420,Mohamed Salah,37,22,5,0,0,1067,1302,120,46,16.4,1,18,16,10,1695,84,36,1185,1420,2020-2021
421,Mohammed Salisu,12,0,0,1,0,304,383,4,1,12.7,0,38,34,22,521,12,9,265,272,2020-2021
422,Davinson Sánchez,18,0,0,1,0,868,1027,5,0,10.1,0,40,32,18,1210,1,1,729,809,2020-2021
423,Robert Sánchez,27,0,0,2,0,812,1106,0,0,,0,1,1,1,1162,0,0,711,680,2020-2021
424,Morgan Sanson,9,0,0,3,0,118,154,2,0,29.2,0,7,4,5,201,7,4,127,137,2020-2021
425,Romaine Sawyers,19,0,0,2,0,616,729,4,0,25.4,0,30,43,20,867,21,8,406,516,2020-2021
426,Dane Scarlett,1,0,0,0,0,0,0,0,0,,0,0,0,0,0,0,0,0,0,2020-2021
427,Fabian Schär,18,1,0,4,1,468,614,11,4,27.8,3,13,19,19,759,14,7,413,433,2020-2021
428,Jeffrey Schlupp,27,2,3,3,0,304,436,18,10,14.3,0,29,23,24,664,64,31,356,413,2020-2021
429,Kasper Schmeichel,38,0,0,0,0,927,1251,0,0,,0,0,0,0,1314,2,1,684,627,2020-2021
430,Nélson Semedo,34,1,1,5,0,1586,1976,23,11,21.2,0,85,72,30,2372,103,62,1288,1419,2020-2021
431,Femi Seriki,1,0,0,0,0,0,0,0,0,,0,0,0,0,0,0,0,0,0,2020-2021
432,Jamie Shackleton,13,0,0,0,0,191,214,0,0,,0,10,11,3,254,3,3,121,160,2020-2021
433,Xherdan Shaqiri,14,0,2,2,0,361,428,11,0,22.8,1,7,7,4,477,9,6,307,364,2020-2021
434,Billy Sharp,16,3,0,1,0,85,123,7,4,16.5,0,5,9,2,187,12,5,99,137,2020-2021
435,Luke Shaw,32,1,5,8,0,1650,2068,11,6,17.3,0,44,36,34,2310,56,36,1249,1429,2020-2021
436,Jonjo Shelvey,30,1,3,7,0,1092,1499,42,9,24.3,11,39,37,26,1728,26,20,932,1087,2020-2021
437,Shola Shoretire,2,0,0,0,0,5,6,0,0,,0,0,0,0,10,0,0,6,9,2020-2021
438,Gylfi Sigurðsson,36,6,5,2,0,758,963,45,13,22.8,7,30,44,31,1217,26,14,575,747,2020-2021
439,Bernardo Silva,26,2,6,5,0,1287,1434,28,13,14.9,0,26,52,17,1621,65,41,1116,1304,2020-2021
440,Fábio Silva,32,4,3,2,0,237,330,47,16,13.0,0,6,12,12,507,21,7,266,363,2020-2021
441,Thiago Silva,23,2,0,5,1,1809,1952,13,4,8.8,0,20,21,21,2136,3,2,1374,1634,2020-2021
442,Moussa Sissoko,25,0,0,3,0,679,811,3,1,13.0,0,22,20,11,954,27,18,523,593,2020-2021
443,Islam Slimani,1,0,0,0,0,6,9,1,0,10.8,0,0,0,0,12,0,0,5,10,2020-2021
444,William Smallbone,3,0,0,0,0,61,78,1,1,19.6,0,6,3,5,95,0,0,58,62,2020-2021
445,Emile Smith Rowe,20,2,4,0,0,648,746,13,4,17.8,0,14,17,15,890,30,10,551,705,2020-2021
446,Robert Snodgrass,8,0,0,2,0,107,141,4,1,18.3,1,17,16,11,217,8,4,88,107,2020-2021
447,Robert Snodgrass,3,0,0,0,0,4,4,0,0,,0,0,0,0,4,0,0,4,4,2020-2021
448,Cédric Soares,10,0,1,1,0,349,469,7,2,25.2,1,12,21,6,542,11,5,274,336,2020-2021
449,Tomáš Souček,38,10,1,7,1,1218,1623,64,23,12.3,0,78,77,43,2083,29,16,886,1166,2020-2021
450,Çağlar Söyüncü,23,1,0,2,0,1244,1423,10,3,10.4,0,27,30,12,1609,6,4,990,1138,2020-2021
451,Zack Steffen,1,0,0,0,0,25,30,0,0,,0,0,0,0,30,0,0,18,18,2020-2021
452,Dale Stephens,7,0,0,1,0,98,120,4,0,21.4,0,11,6,3,156,2,1,67,79,2020-2021
453,Jack Stephens,18,0,0,2,0,860,1067,6,2,9.2,0,34,38,25,1244,5,2,646,801,2020-2021
454,Raheem Sterling,31,10,7,4,0,966,1141,69,28,14.5,3,21,12,15,1449,122,66,1037,1237,2020-2021
455,Enda Stevens,30,0,1,6,0,1108,1459,16,4,17.4,0,59,58,41,1785,35,20,815,993,2020-2021
456,John Stones,22,4,0,0,1,1620,1737,15,5,13.9,0,21,14,23,1886,11,10,1370,1520,2020-2021
457,Pascal Struijk,27,1,0,3,0,1118,1301,14,4,9.8,0,49,28,35,1580,5,4,871,1012,2020-2021
458,Japhet Tanganga,6,0,0,2,0,195,239,2,0,6.3,0,5,3,6,282,13,9,120,154,2020-2021
459,Matt Targett,38,0,2,7,0,1647,2189,6,2,21.8,1,83,88,40,2534,25,15,1151,1348,2020-2021
460,James Tarkowski,36,1,0,6,0,889,1279,22,5,9.2,0,66,49,54,1676,14,12,692,793,2020-2021
461,Percy Tau,3,0,1,0,0,24,33,0,0,,0,1,2,1,43,3,3,29,30,2020-2021
462,Sidnei Tavares,2,0,0,0,0,18,26,1,1,24.6,0,1,0,1,33,1,1,25,27,2020-2021
463,Charlie Taylor,29,0,1,1,0,922,1342,3,2,23.6,0,48,46,36,1624,47,25,765,846,2020-2021
464,Neil Taylor,1,0,0,1,0,9,10,0,0,,0,1,0,1,13,0,0,9,8,2020-2021
465,Allan Tchaptchet,1,0,0,0,0,0,1,0,0,,0,0,0,0,2,0,0,0,1,2020-2021
466,Nathan Tella,18,1,1,2,0,99,142,17,8,19.2,0,8,15,13,262,25,11,170,180,2020-2021
467,Alex Telles,9,0,2,0,0,467,584,5,1,22.3,0,14,17,7,667,7,3,355,417,2020-2021
468,Kenny Tete,22,0,1,3,0,636,879,7,1,18.7,0,48,18,14,1076,19,10,548,602,2020-2021
469,William Thomas Fish,1,0,0,0,0,0,0,0,0,,0,0,0,0,0,0,0,0,0,2020-2021
470,Luke Thomas,14,1,0,2,0,358,498,7,3,13.7,0,23,21,15,635,18,6,288,363,2020-2021
471,Youri Tielemans,38,6,4,6,0,2061,2642,47,18,23.5,4,86,108,35,2997,64,43,1562,2121,2020-2021
472,Kieran Tierney,27,1,3,4,0,1130,1523,15,3,24.0,0,27,31,31,1742,30,16,975,1103,2020-2021
473,James Tomkins,8,0,0,1,0,140,182,2,1,9.9,0,4,4,4,244,0,0,110,122,2020-2021
474,Fikayo Tomori,1,0,0,0,0,28,29,0,0,,0,2,0,1,41,0,0,13,22,2020-2021
475,Ferrán Torres,24,7,2,1,0,353,445,36,14,15.6,0,12,16,16,608,46,20,383,471,2020-2021
476,Cenk Tosun,5,0,0,1,0,10,15,0,0,,0,0,1,0,17,0,0,9,13,2020-2021
477,Andros Townsend,34,1,5,0,0,578,871,36,11,22.6,4,78,79,48,1213,73,44,679,706,2020-2021
478,Conor Townsend,25,0,2,0,0,883,1196,11,4,17.4,2,44,49,38,1448,27,11,623,776,2020-2021
479,Adama Traoré,37,2,2,4,0,572,873,43,13,19.7,0,28,21,23,1267,216,153,845,987,2020-2021
480,Bertrand Traoré,36,7,6,1,0,569,808,64,23,16.7,2,26,34,23,1137,97,52,695,770,2020-2021
481,Trézéguet,21,2,1,0,0,223,317,35,12,14.2,0,33,45,13,508,31,17,277,313,2020-2021
482,Leandro Trossard,35,5,5,2,0,816,1094,58,23,18.6,2,33,36,34,1401,68,39,869,988,2020-2021
483,Kostas Tsimikas,2,0,0,0,0,6,9,0,0,,0,0,0,0,10,0,0,7,8,2020-2021
484,Axel Tuanzebe,9,0,0,2,0,239,270,0,0,,0,13,9,7,321,2,0,164,212,2020-2021
485,Cengiz Ünder,9,0,2,0,0,91,130,9,1,23.3,0,4,5,3,169,23,15,111,132,2020-2021
486,Yan Valery,3,0,0,0,0,54,64,2,0,25.0,0,5,5,2,95,4,0,54,48,2020-2021
487,Virgil van Dijk,5,1,0,1,0,307,342,4,2,14.8,0,3,0,1,364,0,0,282,295,2020-2021
488,Jamie Vardy,34,15,9,1,0,295,458,73,28,14.4,0,18,15,14,708,41,26,336,505,2020-2021
489,Joël Veltman,28,1,1,3,0,1166,1537,14,4,16.1,0,67,57,24,1813,36,18,927,1038,2020-2021
490,Jannik Vestergaard,30,3,0,3,1,1476,1775,23,8,11.9,0,50,52,29,2077,10,7,1210,1395,2020-2021
491,Rúben Vinagre,2,0,0,0,0,86,101,0,0,,0,7,4,3,121,4,2,60,71,2020-2021
492,Carlos Vinícius,9,1,0,2,0,24,48,7,4,12.1,0,3,1,0,94,4,3,47,70,2020-2021
493,João Virgínia,1,0,0,0,0,8,16,0,0,,0,0,0,0,18,0,0,9,9,2020-2021
494,Vitinha,19,0,1,0,0,302,346,8,4,22.6,0,7,8,3,389,12,8,261,311,2020-2021
495,Jake Vokins,1,0,0,0,0,19,23,0,0,,0,0,1,0,23,0,0,11,13,2020-2021
496,Matěj Vydra,28,3,2,0,0,170,240,35,9,13.7,0,9,8,8,405,26,16,234,318,2020-2021
497,Theo Walcott,21,3,3,0,0,304,432,29,11,20.2,0,23,32,16,646,51,17,371,449,2020-2021
498,Theo Walcott,1,0,0,0,0,1,1,0,0,,0,0,0,0,2,0,0,2,2,2020-2021
499,Kyle Walker,24,1,1,1,0,1709,1941,10,3,29.2,0,29,24,19,2098,41,24,1337,1589,2020-2021
500,Kyle Walker-Peters,30,0,2,4,0,1321,1669,18,7,18.8,0,83,57,41,2020,65,46,1034,1132,2020-2021
501,Aaron Wan-Bissaka,34,2,4,3,0,1805,2147,7,4,15.2,0,88,45,65,2547,60,34,1294,1551,2020-2021
502,Joel Ward,26,0,1,5,0,793,1104,2,1,26.2,0,43,42,27,1379,16,12,484,560,2020-2021
503,James Ward-Prowse,38,8,7,5,0,2173,2712,39,20,26.8,20,75,70,36,3045,22,17,1401,1824,2020-2021
504,Ollie Watkins,37,14,5,4,1,592,843,95,43,13.7,0,29,33,21,1239,70,40,712,1011,2020-2021
505,Caleb Watts,3,0,0,1,0,8,13,0,0,,0,2,2,0,17,0,0,13,13,2020-2021
506,Adam Webster,29,1,0,4,0,1508,1866,25,7,13.8,0,29,25,29,2122,17,17,1309,1466,2020-2021
507,Danny Welbeck,24,6,1,0,0,209,262,34,15,13.1,0,12,19,17,447,33,18,248,312,2020-2021
508,Timo Werner,35,6,8,2,0,629,824,79,31,13.8,0,20,43,23,1148,80,29,713,914,2020-2021
509,Ashley Westwood,38,3,3,7,0,1662,2246,20,7,23.5,1,23,42,26,2460,19,13,1227,1562,2020-2021
510,Ben White,36,0,0,5,1,1491,1812,10,1,16.8,0,49,57,46,2117,32,24,1225,1420,2020-2021
511,Georginio Wijnaldum,38,2,0,1,0,1644,1778,31,9,17.8,1,23,31,18,2005,51,34,1350,1526,2020-2021
512,Brandon Williams,4,0,0,0,0,120,143,1,1,11.8,0,0,1,1,161,4,2,98,108,2020-2021
513,Neco Williams,6,0,0,1,0,151,210,2,0,17.2,0,6,9,3,244,7,5,153,154,2020-2021
514,Rhys Williams,9,0,0,0,0,440,504,7,0,10.6,0,6,3,4,558,0,0,321,380,2020-2021
515,Willian,25,1,5,0,0,625,790,20,3,19.4,5,13,16,13,912,18,13,539,667,2020-2021
516,Joe Willock,7,0,0,1,0,68,93,4,0,11.6,0,6,7,6,136,9,4,81,87,2020-2021
517,Joe Willock,14,8,0,0,0,179,242,18,12,14.2,0,26,42,21,410,40,22,205,209,2020-2021
518,Callum Wilson,26,12,5,2,0,242,359,45,16,13.4,0,12,12,10,596,43,26,361,452,2020-2021
519,Harry Winks,15,0,0,5,0,579,683,4,1,30.9,0,16,20,16,757,5,4,454,566,2020-2021
520,Chris Wood,33,12,3,0,0,425,663,68,37,14.1,0,12,18,14,932,21,7,454,764,2020-2021
521,Granit Xhaka,31,1,2,7,1,2011,2239,21,7,27.1,7,50,58,23,2440,16,8,1532,1809,2020-2021
522,Andriy Yarmolenko,15,0,1,3,0,117,152,7,2,20.3,0,5,8,1,198,12,6,126,149,2020-2021
523,DeAndre Yedlin,6,0,0,0,0,113,179,2,0,21.7,0,9,10,5,228,2,1,107,116,2020-2021
524,Okay Yokuşlu,16,0,1,4,0,439,536,12,0,21.1,1,38,35,15,726,25,19,351,324,2020-2021
525,Wilfried Zaha,30,11,2,6,0,586,784,58,18,16.9,0,26,30,21,1167,117,55,851,954,2020-2021
526,Andre-Frank Zambo Anguissa,36,0,3,6,0,1201,1434,34,8,21.6,0,78,68,35,1827,143,96,1087,1201,2020-2021
527,Andi Zeqiri,9,0,0,0,0,21,44,7,2,13.6,0,3,2,1,69,1,1,41,45,2020-2021
528,Oleksandr Zinchenko,20,0,0,0,0,1340,1517,16,4,22.7,1,25,24,17,1647,9,6,980,1196,2020-2021
529,Hakim Ziyech,23,2,3,3,0,547,742,35,12,23.1,1,14,19,9,876,35,19,534,691,2020-2021
530,Kurt Zouma,24,5,0,3,0,1616,1781,27,12,13.4,0,16,8,13,2001,4,2,1280,1527,2020-2021
531,Martin Ødegaard,14,1,2,0,0,462,533,15,3,22.5,1,9,14,2,598,17,13,388,460,2020-2021
